"V1","V2","V3","V4","V5","V6","V7","V8","V9","V10","V11","V12","V13","V14","V15","V16","V17","V18","V19","V20","V21","V22","V23","V24","V25","V26","V27","V28","V29","V30","V31","V32","V33","V34","V35","V36"
0.0807435282445192,0,0,0.0827735983811782,0,0,0,0.120266782044435,0,0,0.124683219747986,0,0,0,0.0926370716023119,0,0,0.0927225640970495,0.0827735983811782,0,0,0.095897800041033,0,0,0,0.124683219747986,0,0,0.14104472427548,0,0,0,0.0927225640970495,0,0,0.10965913841121
0.0822983770444337,0,0,0.09117643113016,0,0,0,0.117647344649093,0,0,0.12594522201457,0,0,0,0.0970727608417113,0,0,0.0921830972123382,0.09117643113016,0,0,0.110810117595027,0,0,0,0.12594522201457,0,0,0.14903416415944,0,0,0,0.0921830972123382,0,0,0.0963384283243169
0.0842873797633153,0,0,0.0921609701147471,0,0,0,0.123785507020544,0,0,0.128398498649091,0,0,0,0.0933443426414514,0,0,0.0964359212433773,0.0921609701147471,0,0,0.107402128022138,0,0,0,0.128398498649091,0,0,0.142377150242158,0,0,0,0.0964359212433773,0,0,0.10765241875263
0.079746070977058,0,0,0.0809242015790717,0,0,0,0.124297751751415,0,0,0.126405510839707,0,0,0,0.0954696104345057,0,0,0.0906335037572122,0.0809242015790717,0,0,0.0876071676733106,0,0,0,0.126405510839707,0,0,0.138808505093797,0,0,0,0.0906335037572122,0,0,0.0930817166498184
0.0800009388408233,0,0,0.0898802152948058,0,0,0,0.130625911403024,0,0,0.147290886613358,0,0,0,0.0969264237160252,0,0,0.0983742051378159,0.0898802152948058,0,0,0.114448297574091,0,0,0,0.147290886613358,0,0,0.188882041587393,0,0,0,0.0983742051378159,0,0,0.114438306269959
0.0792854333268385,0,0,0.0801789091199789,0,0,0,0.140437983489166,0,0,0.141246269598121,0,0,0,0.0956790646755953,0,0,0.0922256775563187,0.0801789091199789,0,0,0.0898759570012786,0,0,0,0.141246269598121,0,0,0.152588131868547,0,0,0,0.0922256775563187,0,0,0.101624567227271
0.0806289190525448,0,0,0.0879429537751426,0,0,0,0.129220621959691,0,0,0.12564716083163,0,0,0,0.095802419443929,0,0,0.100390009082668,0.0879429537751426,0,0,0.108042279808627,0,0,0,0.12564716083163,0,0,0.134849621798989,0,0,0,0.100390009082668,0,0,0.120703606984596
0.0826500929584351,0,0,0.0844643491083213,0,0,0,0.126207587404532,0,0,0.128134088827703,0,0,0,0.0953433664025891,0,0,0.0948227385869071,0.0844643491083213,0,0,0.0920117424347118,0,0,0,0.128134088827703,0,0,0.140121384146791,0,0,0,0.0948227385869071,0,0,0.102378322228736
0.082431323185193,0,0,0.080950100218693,0,0,0,0.135455656456709,0,0,0.13240778799416,0,0,0,0.0978519960555794,0,0,0.0935210828406593,0.080950100218693,0,0,0.0878784226008795,0,0,0,0.13240778799416,0,0,0.1373716269634,0,0,0,0.0935210828406593,0,0,0.102149461377993
0.0806865025714181,0,0,0.0808677617671002,0,0,0,0.116708807760564,0,0,0.12222656772354,0,0,0,0.0974240071056259,0,0,0.0935826201362954,0.0808677617671002,0,0,0.0887270103629947,0,0,0,0.12222656772354,0,0,0.140775499186363,0,0,0,0.0935826201362954,0,0,0.101021015470271
0.0813547242376273,0,0,0.0852183669282188,0,0,0,0.124461473880084,0,0,0.133917183645345,0,0,0,0.0973535802813228,0,0,0.0964620332657745,0.0852183669282188,0,0,0.0975834368416119,0,0,0,0.133917183645345,0,0,0.153450814039733,0,0,0,0.0964620332657745,0,0,0.103383797598679
0.0791781721039688,0,0,0.0831868218803873,0,0,0,0.122343754059071,0,0,0.122148424418092,0,0,0,0.0967842119853629,0,0,0.103030774857001,0.0831868218803873,0,0,0.101498960363799,0,0,0,0.122148424418092,0,0,0.132196401058188,0,0,0,0.103030774857001,0,0,0.126738197016933
0.0833394885456939,0,0,0.0821133540147689,0,0,0,0.129333130456347,0,0,0.131360185352459,0,0,0,0.0943180002053998,0,0,0.0902254929262219,0.0821133540147689,0,0,0.0848447901747672,0,0,0,0.131360185352459,0,0,0.13929094242617,0,0,0,0.0902254929262219,0,0,0.0914007417224148
0.0848008312628971,0,0,0.0858844808825571,0,0,0,0.127556742931185,0,0,0.135284800541798,0,0,0,0.0980379186247565,0,0,0.097616108971125,0.0858844808825571,0,0,0.0941985578738721,0,0,0,0.135284800541798,0,0,0.153470087962269,0,0,0,0.097616108971125,0,0,0.107401118361627
0.0794308339262199,0,0,0.0809851779850191,0,0,0,0.113124210149129,0,0,0.119020522246453,0,0,0,0.0996104031834905,0,0,0.0966472041716792,0.0809851779850191,0,0,0.0890051439487545,0,0,0,0.119020522246453,0,0,0.140562003420705,0,0,0,0.0966472041716792,0,0,0.104025922040154
0.08036757139551,0,0,0.088858080418009,0,0,0,0.128043330576446,0,0,0.131025808093361,0,0,0,0.0997050072513317,0,0,0.0954794271007069,0.088858080418009,0,0,0.107348513577036,0,0,0,0.131025808093361,0,0,0.149603044021697,0,0,0,0.0954794271007069,0,0,0.100890871224793
0.0821116416006193,0,0,0.0891494957672363,0,0,0,0.126023081109028,0,0,0.129838555118541,0,0,0,0.0935493263764292,0,0,0.0998108116775479,0.0891494957672363,0,0,0.107438497220016,0,0,0,0.129838555118541,0,0,0.150263103690986,0,0,0,0.0998108116775479,0,0,0.121243507537933
0.078529677919682,0,0,0.0788803816713596,0,0,0,0.123002250061711,0,0,0.138220252693516,0,0,0,0.0972110786575117,0,0,0.0927556339732075,0.0788803816713596,0,0,0.0844990515089467,0,0,0,0.138220252693516,0,0,0.163450687792772,0,0,0,0.0927556339732075,0,0,0.0948860433600578
0.0790399811778831,0,0,0.0857085722590172,0,0,0,0.122943225501301,0,0,0.133708652814378,0,0,0,0.099856787536368,0,0,0.0981269587760017,0.0857085722590172,0,0,0.104615881769751,0,0,0,0.133708652814378,0,0,0.162822939873467,0,0,0,0.0981269587760017,0,0,0.110880439208137
0.0830565137196934,0,0,0.0831993925599117,0,0,0,0.128581337485698,0,0,0.130686094342627,0,0,0,0.0989930550346712,0,0,0.0946612713716768,0.0831993925599117,0,0,0.097127768463337,0,0,0,0.130686094342627,0,0,0.146770574244981,0,0,0,0.0946612713716768,0,0,0.104497529637902
0.0820619410251264,0,0,0.0831643826715147,0,0,0,0.124166161687025,0,0,0.125755120338158,0,0,0,0.0953967503418315,0,0,0.0954719624364577,0.0831643826715147,0,0,0.0893892049931934,0,0,0,0.125755120338158,0,0,0.135632454575592,0,0,0,0.0954719624364577,0,0,0.10242002487878
0.0804222338934646,0,0,0.0833398531121046,0,0,0,0.12394270368779,0,0,0.122902255579146,0,0,0,0.0941850195200966,0,0,0.0937605755163222,0.0833398531121046,0,0,0.0945259638150123,0,0,0,0.122902255579146,0,0,0.130801902763699,0,0,0,0.0937605755163222,0,0,0.104452817157539
0.0796110451666116,0,0,0.0852989095931076,0,0,0,0.119700216200317,0,0,0.137379438971404,0,0,0,0.0956907593951366,0,0,0.0992319347462226,0.0852989095931076,0,0,0.101886446411713,0,0,0,0.137379438971404,0,0,0.17595739238163,0,0,0,0.0992319347462226,0,0,0.111775830435519
0.0832143476818343,0,0,0.0802446309783609,0,0,0,0.130357697988638,0,0,0.123831983324583,0,0,0,0.0976230422487823,0,0,0.0876170170004626,0.0802446309783609,0,0,0.0819652804381702,0,0,0,0.123831983324583,0,0,0.122297640815798,0,0,0,0.0876170170004626,0,0,0.0835530036789805
0.080274037137426,0,0,0.0846545999875851,0,0,0,0.12234374526986,0,0,0.126710171566453,0,0,0,0.0968740372426528,0,0,0.0928790797215834,0.0846545999875851,0,0,0.0995978693180783,0,0,0,0.126710171566453,0,0,0.144439037876788,0,0,0,0.0928790797215834,0,0,0.0984051641546975
0.0788158500809405,0,0,0.0768755118767065,0,0,0,0.131035181209724,0,0,0.133024142103008,0,0,0,0.0935936263494627,0,0,0.0926378543719417,0.0768755118767065,0,0,0.0815225589049743,0,0,0,0.133024142103008,0,0,0.143563493351259,0,0,0,0.0926378543719417,0,0,0.0991580008438451
0.0815059848962668,0,0,0.0942032968067043,0,0,0,0.122325376278955,0,0,0.12995704517092,0,0,0,0.0959182940968388,0,0,0.0999877644192843,0.0942032968067043,0,0,0.125779003322575,0,0,0,0.12995704517092,0,0,0.154897766035529,0,0,0,0.0999877644192843,0,0,0.120695041285744
0.0835132834318614,0,0,0.0851852306497642,0,0,0,0.1225891535429,0,0,0.124872191707879,0,0,0,0.0959078671717197,0,0,0.101506303797834,0.0851852306497642,0,0,0.0945009234917725,0,0,0,0.124872191707879,0,0,0.137997417893226,0,0,0,0.101506303797834,0,0,0.120463530337387
0.084980461577949,0,0,0.080192459373107,0,0,0,0.122640634188696,0,0,0.124745167345376,0,0,0,0.100067390438188,0,0,0.0885811329060217,0.080192459373107,0,0,0.0783245087267093,0,0,0,0.124745167345376,0,0,0.132488300132381,0,0,0,0.0885811329060217,0,0,0.0815941096075288
0.0843960903059863,0,0,0.0980266417193055,0,0,0,0.131495094362598,0,0,0.136123957898398,0,0,0,0.0945135238662196,0,0,0.0984527908857395,0.0980266417193055,0,0,0.126952837030972,0,0,0,0.136123957898398,0,0,0.151616567853226,0,0,0,0.0984527908857395,0,0,0.118238988313451
0.0833387414428697,0,0,0.0851170499507406,0,0,0,0.125715970601881,0,0,0.128762594405975,0,0,0,0.0915980979510132,0,0,0.100167509765459,0.0851170499507406,0,0,0.0972464117512818,0,0,0,0.128762594405975,0,0,0.144750138852533,0,0,0,0.100167509765459,0,0,0.127552283040271
0.0833383498396638,0,0,0.0892273022246506,0,0,0,0.11790403337417,0,0,0.118777292586384,0,0,0,0.0942052990216262,0,0,0.0922568457042402,0.0892273022246506,0,0,0.100875237823035,0,0,0,0.118777292586384,0,0,0.127328557574877,0,0,0,0.0922568457042402,0,0,0.0967514437609097
0.0807724270501284,0,0,0.0821971001535117,0,0,0,0.129350147325208,0,0,0.130341700018085,0,0,0,0.0968753636930499,0,0,0.105587372547607,0.0821971001535117,0,0,0.0909302071491267,0,0,0,0.130341700018085,0,0,0.136746230467385,0,0,0,0.105587372547607,0,0,0.130081400895163
0.0810238669417702,0,0,0.0771666541757188,0,0,0,0.134579629163678,0,0,0.127042618720456,0,0,0,0.0930757370604453,0,0,0.0896545696081918,0.0771666541757188,0,0,0.0781693032278353,0,0,0,0.127042618720456,0,0,0.126635128430954,0,0,0,0.0896545696081918,0,0,0.0958505800956527
0.083907289781505,0,0,0.0848488096600062,0,0,0,0.118598707034263,0,0,0.117781092165845,0,0,0,0.0934682242572237,0,0,0.0947783809287542,0.0848488096600062,0,0,0.09481819275275,0,0,0,0.117781092165845,0,0,0.129950397549072,0,0,0,0.0947783809287542,0,0,0.1078524902646
0.0812082411781719,0,0,0.0837298199494949,0,0,0,0.130486097954518,0,0,0.124405696524846,0,0,0,0.0926243597401907,0,0,0.0942550837650578,0.0837298199494949,0,0,0.0923777098354431,0,0,0,0.124405696524846,0,0,0.123641935243853,0,0,0,0.0942550837650578,0,0,0.101724826138927
0.0822655670372893,0,0,0.0858845972328947,0,0,0,0.12280129934083,0,0,0.121293934012793,0,0,0,0.0948425788485419,0,0,0.0968363135674761,0.0858845972328947,0,0,0.101683107027591,0,0,0,0.121293934012793,0,0,0.137181337789398,0,0,0,0.0968363135674761,0,0,0.115731314338781
0.0794073031906276,0,0,0.0796697840967047,0,0,0,0.123461310429016,0,0,0.125835490049541,0,0,0,0.0971784264360334,0,0,0.0954791442734078,0.0796697840967047,0,0,0.0895449402564605,0,0,0,0.125835490049541,0,0,0.142863909088437,0,0,0,0.0954791442734078,0,0,0.106451438850681
0.0792366823152509,0,0,0.0799590163420154,0,0,0,0.128612475861594,0,0,0.130944644149293,0,0,0,0.100225203707519,0,0,0.108361061272827,0.0799590163420154,0,0,0.0939746105435807,0,0,0,0.130944644149293,0,0,0.150438563657486,0,0,0,0.108361061272827,0,0,0.138291847305016
0.0838231962400753,0,0,0.0897988449565375,0,0,0,0.125462649335816,0,0,0.132964830649163,0,0,0,0.102749669460818,0,0,0.100731219227681,0.0897988449565375,0,0,0.107050816117407,0,0,0,0.132964830649163,0,0,0.155244504072263,0,0,0,0.100731219227681,0,0,0.11126131134038
0.0791774439546732,0,0,0.0803224591126331,0,0,0,0.119923635275685,0,0,0.124634363986816,0,0,0,0.102503846197838,0,0,0.0980339669159281,0.0803224591126331,0,0,0.0920261652092896,0,0,0,0.124634363986816,0,0,0.14452682111913,0,0,0,0.0980339669159281,0,0,0.107543565652651
0.0830534255264205,0,0,0.0890989741840455,0,0,0,0.122661283403491,0,0,0.1280530291152,0,0,0,0.0959289926794437,0,0,0.0993982595445252,0.0890989741840455,0,0,0.106262450145353,0,0,0,0.1280530291152,0,0,0.155670794513677,0,0,0,0.0993982595445252,0,0,0.118965381057488
0.0854126137901567,0,0,0.0886205638379503,0,0,0,0.124016350389079,0,0,0.126578554074805,0,0,0,0.0972316497246727,0,0,0.0972866399971301,0.0886205638379503,0,0,0.0991779877742966,0,0,0,0.126578554074805,0,0,0.138597308891777,0,0,0,0.0972866399971301,0,0,0.106205932860192
0.0850980625054737,0,0,0.0915856435124374,0,0,0,0.118542501357213,0,0,0.123962309803424,0,0,0,0.0936565858505874,0,0,0.0985353688621225,0.0915856435124374,0,0,0.106161832025457,0,0,0,0.123962309803424,0,0,0.13837224120536,0,0,0,0.0985353688621225,0,0,0.114459356714326
0.0807300537930943,0,0,0.0773302880496708,0,0,0,0.134858367523522,0,0,0.131724764565157,0,0,0,0.0981768151134389,0,0,0.0947194919820361,0.0773302880496708,0,0,0.0790985989836615,0,0,0,0.131724764565157,0,0,0.142102025446801,0,0,0,0.0947194919820361,0,0,0.0985128397651072
0.0853474982045141,0,0,0.0902891529649747,0,0,0,0.124898265685843,0,0,0.138787958283218,0,0,0,0.0972270724032205,0,0,0.0901777270662878,0.0902891529649747,0,0,0.102464425994859,0,0,0,0.138787958283218,0,0,0.171626320448389,0,0,0,0.0901777270662878,0,0,0.0941461460115179
0.0820671120178072,0,0,0.0919524425427906,0,0,0,0.122848199108473,0,0,0.130209090871598,0,0,0,0.0927023701128583,0,0,0.0949482310147377,0.0919524425427906,0,0,0.115281529376187,0,0,0,0.130209090871598,0,0,0.152585510534857,0,0,0,0.0949482310147377,0,0,0.111369524347861
0.0788719664371573,0,0,0.0844851634250824,0,0,0,0.122076786266978,0,0,0.13070730634342,0,0,0,0.0951189505211561,0,0,0.0971517636334767,0.0844851634250824,0,0,0.100248673074564,0,0,0,0.13070730634342,0,0,0.153068790778239,0,0,0,0.0971517636334767,0,0,0.111924985786844
0.0814676121048685,0,0,0.0865659841668725,0,0,0,0.124235947004836,0,0,0.126280889209811,0,0,0,0.0960370407107815,0,0,0.0953084658309057,0.0865659841668725,0,0,0.100025037418622,0,0,0,0.126280889209811,0,0,0.137620707003157,0,0,0,0.0953084658309057,0,0,0.104250204209812
0.0828819465275025,0,0,0.0800303072144085,0,0,0,0.128319730578439,0,0,0.129768161393966,0,0,0,0.0980616623394757,0,0,0.0910788162336454,0.0800303072144085,0,0,0.082564989911494,0,0,0,0.129768161393966,0,0,0.138120810115339,0,0,0,0.0910788162336454,0,0,0.0904678002852787
0.0826916696171287,0,0,0.0889623806318872,0,0,0,0.125953331465086,0,0,0.130430568122875,0,0,0,0.0939140535738467,0,0,0.0947813124361867,0.0889623806318872,0,0,0.106031877263416,0,0,0,0.130430568122875,0,0,0.146272719640981,0,0,0,0.0947813124361867,0,0,0.105205511024819
0.0794532156001239,0,0,0.0895272494414188,0,0,0,0.112380328644995,0,0,0.129303990583537,0,0,0,0.0961505694501329,0,0,0.110908989893203,0.0895272494414188,0,0,0.119742442265571,0,0,0,0.129303990583537,0,0,0.173554098060113,0,0,0,0.110908989893203,0,0,0.154275678207756
0.0845839642865272,0,0,0.0884692589886794,0,0,0,0.118933808253825,0,0,0.134329753159189,0,0,0,0.098245782240189,0,0,0.0934542960096003,0.0884692589886794,0,0,0.0980865134655136,0,0,0,0.134329753159189,0,0,0.166135774494633,0,0,0,0.0934542960096003,0,0,0.0950096298512436
0.0817893914832801,0,0,0.0872582028005904,0,0,0,0.125748771194033,0,0,0.13176899736043,0,0,0,0.0917490569865667,0,0,0.0899648768078027,0.0872582028005904,0,0,0.101395432229968,0,0,0,0.13176899736043,0,0,0.147053948344758,0,0,0,0.0899648768078027,0,0,0.0952433104751997
0.0861928330785679,0,0,0.0866136229265689,0,0,0,0.148336849985764,0,0,0.142376063111919,0,0,0,0.0954633418249727,0,0,0.0973062848311223,0.0866136229265689,0,0,0.0934158433008811,0,0,0,0.142376063111919,0,0,0.150085237427116,0,0,0,0.0973062848311223,0,0,0.110039439751141
0.079153311059095,0,0,0.084719595765976,0,0,0,0.122471396229219,0,0,0.126240388559127,0,0,0,0.0980868076337027,0,0,0.0983385232420885,0.084719595765976,0,0,0.0967120389677252,0,0,0,0.126240388559127,0,0,0.139191142665613,0,0,0,0.0983385232420885,0,0,0.107546417534301
0.080149909611822,0,0,0.0821713666263823,0,0,0,0.129271988296436,0,0,0.132379738495068,0,0,0,0.0981380324543126,0,0,0.0947047773656763,0.0821713666263823,0,0,0.0925127429363579,0,0,0,0.132379738495068,0,0,0.143665305294354,0,0,0,0.0947047773656763,0,0,0.0992964796987463
0.0751358636182945,0,0,0.0814420360393697,0,0,0,0.11777502110429,0,0,0.118820567525291,0,0,0,0.09672164973678,0,0,0.0978207494697098,0.0814420360393697,0,0,0.100229566877102,0,0,0,0.118820567525291,0,0,0.132106629752803,0,0,0,0.0978207494697098,0,0,0.114772657219308
0.0813356573214917,0,0,0.0866471828003748,0,0,0,0.12128898930162,0,0,0.130548750564072,0,0,0,0.0940014770228097,0,0,0.0946406482714976,0.0866471828003748,0,0,0.10653153586478,0,0,0,0.130548750564072,0,0,0.150152073288789,0,0,0,0.0946406482714976,0,0,0.114964046538881
0.0782412137733483,0,0,0.0759650179907277,0,0,0,0.12612581794871,0,0,0.132002220719665,0,0,0,0.0963650836298604,0,0,0.0971730493030774,0.0759650179907277,0,0,0.0836870980247476,0,0,0,0.132002220719665,0,0,0.158960111921092,0,0,0,0.0971730493030774,0,0,0.115636795255044
0.0839867898439157,0,0,0.0832877302966875,0,0,0,0.129822324851655,0,0,0.134188942292371,0,0,0,0.0963422943779614,0,0,0.0933716336592906,0.0832877302966875,0,0,0.0886848241574651,0,0,0,0.134188942292371,0,0,0.148941983921144,0,0,0,0.0933716336592906,0,0,0.0978074463710621
0.0814506232413275,0,0,0.0908979816179415,0,0,0,0.123292520487724,0,0,0.121337864953447,0,0,0,0.0958672798395222,0,0,0.102463531972953,0.0908979816179415,0,0,0.111571051532696,0,0,0,0.121337864953447,0,0,0.129210294693235,0,0,0,0.102463531972953,0,0,0.123948468589198
0.0776344084150035,0,0,0.0806351942442201,0,0,0,0.12829439332505,0,0,0.134656745484705,0,0,0,0.0964760373582086,0,0,0.0941102765555185,0.0806351942442201,0,0,0.0908383704151523,0,0,0,0.134656745484705,0,0,0.155213938442448,0,0,0,0.0941102765555185,0,0,0.103461642790929
0.084660777331809,0,0,0.0934977449034654,0,0,0,0.119275607978791,0,0,0.116849528038015,0,0,0,0.095052378827789,0,0,0.0945766079344124,0.0934977449034654,0,0,0.114330034550838,0,0,0,0.116849528038015,0,0,0.122321018100139,0,0,0,0.0945766079344124,0,0,0.106042893260146
0.0830138601158943,0,0,0.0863495600558787,0,0,0,0.123881315112766,0,0,0.118542627140245,0,0,0,0.101200527660556,0,0,0.0951075107106389,0.0863495600558787,0,0,0.09634610881925,0,0,0,0.118542627140245,0,0,0.118023392796604,0,0,0,0.0951075107106389,0,0,0.0985478406523465
0.0815629561113829,0,0,0.0825322116454302,0,0,0,0.12567102935994,0,0,0.119831747014314,0,0,0,0.0932134757318627,0,0,0.0858403761447702,0.0825322116454302,0,0,0.0878120267152918,0,0,0,0.119831747014314,0,0,0.117989238384493,0,0,0,0.0858403761447702,0,0,0.0838756723656933
0.0801521590046665,0,0,0.0855683773940169,0,0,0,0.129085607669744,0,0,0.131113208030247,0,0,0,0.0931437433978679,0,0,0.0954565314841875,0.0855683773940169,0,0,0.102412159940217,0,0,0,0.131113208030247,0,0,0.148375604105156,0,0,0,0.0954565314841875,0,0,0.110921794719655
0.0810004616870401,0,0,0.0765486592400954,0,0,0,0.138903207984191,0,0,0.138882471164485,0,0,0,0.0944125652587174,0,0,0.0885055540775458,0.0765486592400954,0,0,0.0785033190746838,0,0,0,0.138882471164485,0,0,0.146825569129119,0,0,0,0.0885055540775458,0,0,0.0894601802976465
0.0841453087191538,0,0,0.0822054804132026,0,0,0,0.122115769141347,0,0,0.13099450384848,0,0,0,0.100913001783962,0,0,0.100046473354215,0.0822054804132026,0,0,0.0863934201147195,0,0,0,0.13099450384848,0,0,0.15235222531786,0,0,0,0.100046473354215,0,0,0.11188027368168
0.0819168712598385,0,0,0.0862814640739527,0,0,0,0.121121954014408,0,0,0.139143236496353,0,0,0,0.0948333729803577,0,0,0.104582335715471,0.0862814640739527,0,0,0.0989936354872117,0,0,0,0.139143236496353,0,0,0.177029988333836,0,0,0,0.104582335715471,0,0,0.126445597923394
0.0828643933167132,0,0,0.0969448503187524,0,0,0,0.128222064651556,0,0,0.126736385264682,0,0,0,0.0984562801352247,0,0,0.0945626157708939,0.0969448503187524,0,0,0.139517114548032,0,0,0,0.126736385264682,0,0,0.141749618088198,0,0,0,0.0945626157708939,0,0,0.104799756607671
0.0792525121606719,0,0,0.0809689594654314,0,0,0,0.124561699273303,0,0,0.122677115752655,0,0,0,0.100076746365061,0,0,0.112078402649081,0.0809689594654314,0,0,0.0960233505028258,0,0,0,0.122677115752655,0,0,0.144883627370907,0,0,0,0.112078402649081,0,0,0.158105618129873
0.0850564107859949,0,0,0.0877876376333952,0,0,0,0.123388053623276,0,0,0.123626339795928,0,0,0,0.0994947237051705,0,0,0.0972305174151721,0.0877876376333952,0,0,0.0969034235643748,0,0,0,0.123626339795928,0,0,0.131708706918822,0,0,0,0.0972305174151721,0,0,0.103509709338918
0.0797831959906205,0,0,0.0830303435886652,0,0,0,0.133209052824813,0,0,0.150128112907396,0,0,0,0.097066397082869,0,0,0.102206971885118,0.0830303435886652,0,0,0.0912117493629644,0,0,0,0.150128112907396,0,0,0.185806026481211,0,0,0,0.102206971885118,0,0,0.116452317639438
0.0808052653282016,0,0,0.0815214698847058,0,0,0,0.117847477026081,0,0,0.125879343809869,0,0,0,0.0969590376951331,0,0,0.0979060206756044,0.0815214698847058,0,0,0.0898321580130744,0,0,0,0.125879343809869,0,0,0.147212903362206,0,0,0,0.0979060206756044,0,0,0.107518765228536
0.0809789913157536,0,0,0.0823907748555153,0,0,0,0.119949466635739,0,0,0.129303470145679,0,0,0,0.0913039880980623,0,0,0.0974700608252982,0.0823907748555153,0,0,0.0918013830137639,0,0,0,0.129303470145679,0,0,0.154842910313512,0,0,0,0.0974700608252982,0,0,0.117025110885657
0.0815836993774806,0,0,0.0863460795967899,0,0,0,0.131401423387325,0,0,0.139918639380745,0,0,0,0.0971419313619385,0,0,0.101938258468282,0.0863460795967899,0,0,0.102678307852744,0,0,0,0.139918639380745,0,0,0.162749699160574,0,0,0,0.101938258468282,0,0,0.125494321502831
0.0850565536211892,0,0,0.0901053398053739,0,0,0,0.127602284589295,0,0,0.133564241778988,0,0,0,0.0966276801503011,0,0,0.100060455823508,0.0901053398053739,0,0,0.108414923045008,0,0,0,0.133564241778988,0,0,0.155230559702333,0,0,0,0.100060455823508,0,0,0.118866794124584
0.083010643287826,0,0,0.0821409702215578,0,0,0,0.122506882913317,0,0,0.122056788498006,0,0,0,0.0971655367416151,0,0,0.0914643755961965,0.0821409702215578,0,0,0.0884083418497026,0,0,0,0.122056788498006,0,0,0.130417611431673,0,0,0,0.0914643755961965,0,0,0.0955769893782724
0.0794506723871026,0,0,0.085389284853319,0,0,0,0.118667894525778,0,0,0.122969781112661,0,0,0,0.0947324449077951,0,0,0.092606729312349,0.085389284853319,0,0,0.103462583480553,0,0,0,0.122969781112661,0,0,0.145284518176858,0,0,0,0.092606729312349,0,0,0.101237155668456
0.082128532075041,0,0,0.0838653940486273,0,0,0,0.129309718611498,0,0,0.129701938051149,0,0,0,0.0967658983113812,0,0,0.101440296680392,0.0838653940486273,0,0,0.0947071026838911,0,0,0,0.129701938051149,0,0,0.142350183369236,0,0,0,0.101440296680392,0,0,0.120371739716687
0.0838918422034956,0,0,0.0815030040519872,0,0,0,0.141358417188273,0,0,0.139232932171605,0,0,0,0.0953548432016906,0,0,0.0935334731349509,0.0815030040519872,0,0,0.0847736895511855,0,0,0,0.139232932171605,0,0,0.145777492508133,0,0,0,0.0935334731349509,0,0,0.0998494185364963
0.0804683028533111,0,0,0.085171982534517,0,0,0,0.122838474435555,0,0,0.127666677021554,0,0,0,0.092723955422795,0,0,0.101029506597202,0.085171982534517,0,0,0.101481019409834,0,0,0,0.127666677021554,0,0,0.14427670525037,0,0,0,0.101029506597202,0,0,0.123416390611264
0.080702067559098,0,0,0.0868587367734458,0,0,0,0.126309902647992,0,0,0.132714085548135,0,0,0,0.0976112475884864,0,0,0.104701056676278,0.0868587367734458,0,0,0.103984997963386,0,0,0,0.132714085548135,0,0,0.152883093860647,0,0,0,0.104701056676278,0,0,0.131613297111648
0.0859142034344069,0,0,0.0872129089189116,0,0,0,0.119495372771424,0,0,0.124620560758167,0,0,0,0.0954835263971808,0,0,0.0898601056561357,0.0872129089189116,0,0,0.0924414797625062,0,0,0,0.124620560758167,0,0,0.135394743807372,0,0,0,0.0898601056561357,0,0,0.089542031323807
0.0853523328605641,0,0,0.0849370857253181,0,0,0,0.123225062013428,0,0,0.127786410926783,0,0,0,0.100582109458765,0,0,0.107526969442065,0.0849370857253181,0,0,0.0985619724358724,0,0,0,0.127786410926783,0,0,0.154453599119744,0,0,0,0.107526969442065,0,0,0.13373263069987
0.080775615909004,0,0,0.0818407369245683,0,0,0,0.128958069848837,0,0,0.131421252091859,0,0,0,0.0922520650105947,0,0,0.0936450705185615,0.0818407369245683,0,0,0.0925057980343876,0,0,0,0.131421252091859,0,0,0.14237970198174,0,0,0,0.0936450705185615,0,0,0.106006716311288
0.0823215323219357,0,0,0.0908575415725513,0,0,0,0.123222927634369,0,0,0.132030951907809,0,0,0,0.0947938510943217,0,0,0.101894760356922,0.0908575415725513,0,0,0.112919567276489,0,0,0,0.132030951907809,0,0,0.162648553472232,0,0,0,0.101894760356922,0,0,0.130523613255072
0.0822471267496005,0,0,0.0792472657757463,0,0,0,0.127308997225979,0,0,0.124286869913293,0,0,0,0.0990031048002623,0,0,0.0960101931660686,0.0792472657757463,0,0,0.0795738250188943,0,0,0,0.124286869913293,0,0,0.124937794687118,0,0,0,0.0960101931660686,0,0,0.100704600936103
0.0839334048956464,0,0,0.0826578214369083,0,0,0,0.130879110438306,0,0,0.139107941929076,0,0,0,0.093564163451862,0,0,0.0919826767163335,0.0826578214369083,0,0,0.0854142486870238,0,0,0,0.139107941929076,0,0,0.155793911770218,0,0,0,0.0919826767163335,0,0,0.0960047044217084
0.0811918152751588,0,0,0.0848201020063215,0,0,0,0.127321178027094,0,0,0.124360804506685,0,0,0,0.0956098156917869,0,0,0.0931338282775023,0.0848201020063215,0,0,0.0973054432553377,0,0,0,0.124360804506685,0,0,0.134268082688968,0,0,0,0.0931338282775023,0,0,0.0984212586580291
0.078911202982353,0,0,0.0803968465583534,0,0,0,0.137628424787121,0,0,0.127242599324607,0,0,0,0.0946709964288133,0,0,0.0929952171589927,0.0803968465583534,0,0,0.0894316676452526,0,0,0,0.127242599324607,0,0,0.128007746517964,0,0,0,0.0929952171589927,0,0,0.0995539407811411
0.0810272069678387,0,0,0.0831484483561459,0,0,0,0.129576815378514,0,0,0.131755518797411,0,0,0,0.0950546991761199,0,0,0.0935176785010849,0.0831484483561459,0,0,0.0916987793490049,0,0,0,0.131755518797411,0,0,0.144436293140707,0,0,0,0.0935176785010849,0,0,0.100669150899261
0.0800746664729732,0,0,0.0869611172943049,0,0,0,0.134654244725986,0,0,0.139644189379756,0,0,0,0.0966505957534348,0,0,0.0901264855492028,0.0869611172943049,0,0,0.102781867463689,0,0,0,0.139644189379756,0,0,0.154482941625522,0,0,0,0.0901264855492028,0,0,0.0906316838790615
0.0799271040163565,0,0,0.0890286140265522,0,0,0,0.131350851824924,0,0,0.131858090686478,0,0,0,0.0972397283632503,0,0,0.104108119537885,0.0890286140265522,0,0,0.113873783540194,0,0,0,0.131858090686478,0,0,0.145163337764347,0,0,0,0.104108119537885,0,0,0.135414791046872
0.0839333115441199,0,0,0.0842625311399456,0,0,0,0.129330311119263,0,0,0.130031055756357,0,0,0,0.0993740648172956,0,0,0.0921811514502345,0.0842625311399456,0,0,0.0908028777494498,0,0,0,0.130031055756357,0,0,0.141020485698451,0,0,0,0.0921811514502345,0,0,0.0914849168652276
0.0822439035679022,0,0,0.0846027688665492,0,0,0,0.122074670189037,0,0,0.122607150619144,0,0,0,0.0993951346651416,0,0,0.0944441854312964,0.0846027688665492,0,0,0.0953501208976643,0,0,0,0.122607150619144,0,0,0.139035123034319,0,0,0,0.0944441854312964,0,0,0.0983353144307832
0.0839019655088083,0,0,0.0853828929888715,0,0,0,0.126834763564928,0,0,0.131898866665845,0,0,0,0.0959633067648026,0,0,0.0939376221679475,0.0853828929888715,0,0,0.0924787144133614,0,0,0,0.131898866665845,0,0,0.143983518087447,0,0,0,0.0939376221679475,0,0,0.099125834700494
0.0790742394081817,0,0,0.0878463522408841,0,0,0,0.120988896519984,0,0,0.126061648439888,0,0,0,0.0936975872328697,0,0,0.095302246840138,0.0878463522408841,0,0,0.10840321411451,0,0,0,0.126061648439888,0,0,0.142391826257243,0,0,0,0.095302246840138,0,0,0.110122799041036
0.08124380690844,0,0,0.0865499465146653,0,0,0,0.123046207327463,0,0,0.134830349919083,0,0,0,0.0907905691224007,0,0,0.0977960117611832,0.0865499465146653,0,0,0.100378485754719,0,0,0,0.134830349919083,0,0,0.158267173676486,0,0,0,0.0977960117611832,0,0,0.116961366183417
